time,session 
0,805.7029217420571 
10,647.5759271403243 
20,1919.68258134267 
30,3490.563145638836 
40,3275.328844420579 
50,3064.5503110614177 
60,5873.198194003566 
69,2640.1658502762634 
