time,session 
0,1105.77775 
10,1227.491666666667 
20,4109.3116222222225 
30,3109.843455026459 
40,1809.6566029735682 
50,1724.151840438492 
60,17106.290348837207 
69,26102.113578947356 
