time,load@tsung_controller@ip-172-31-56-141 
0,0.0 
10,0.0 
20,0.0 
30,0.078125 
40,0.140625 
50,0.12109375 
60,0.171875 
69,0.1484375 
