time,freemem@tsung_controller@ip-172-31-56-141 
0,694.22265625 
10,696.88671875 
20,696.88671875 
30,696.88671875 
40,696.88671875 
50,696.88671875 
60,696.88671875 
69,696.88671875 
