time,freemem@tsung_controller@ip-172-31-56-141 
0,694.22265625 
10,694.22265625 
20,693.82421875 
30,676.62890625 
40,665.08984375 
50,645.671875 
60,645.671875 
69,645.671875 
