time,freemem@tsung_controller@ip-172-31-56-141 
0,694.22265625 
10,696.88671875 
20,693.82421875 
30,676.62890625 
40,665.08984375 
50,645.671875 
60,666.96875 
69,663.15234375 
