time,freemem@tsung_controller@ip-172-31-51-184 
0,699.01171875 
10,700.8046875 
20,700.8046875 
30,700.8046875 
40,700.8046875 
48,700.8046875 
