time,page 
0,46.790090909090914 
10,26.66342857142857 
20,30.846274647887306 
30,141.984748366013 
40,627.2728269001183 
48,544.0375396641583 
