time,session 
0,25.39594002807776 
10,4.432808182386865 
20,13.386328142444345 
30,201.9846891391908 
40,832.8827914950145 
48,881.1027756929028 
