time,page 
0,24.946386892528857 
10,4.549373146996435 
20,13.951426957733139 
30,167.60378628610977 
40,827.0465787836418 
48,872.0017552921299 
