time,cpu@tsung_controller@ip-172-31-51-184 
0,1.2617003347833018 
10,0.5486284289276808 
20,0.5486284289276808 
30,0.5486284289276808 
40,0.5486284289276808 
48,0.5486284289276808 
