time,cpu@tsung_controller@ip-172-31-51-184 
0,1.2617003347833018 
10,0.5486284289276808 
20,0.6483790523690772 
30,2.319842053307009 
40,8.63961813842482 
48,23.954545454545453 
