time,freemem@tsung_controller@ip-172-31-51-184 
0,699.01171875 
10,699.01171875 
20,699.01171875 
30,699.01171875 
40,693.3203125 
48,688.44921875 
