time,connect,request 
0,1.6063346810170094,24.946386892528857 
10,1.2404493480258818,4.549373146996435 
20,0.4493748381051289,13.951426957733139 
30,2.7169216128597116,167.60378628610977 
40,0.5565868883076459,827.0465787836418 
48,0.35356647984778933,872.0017552921299 
