time,session 
0,47.10541666666666 
10,28.32084375 
20,32.25781645569623 
30,179.95075394321782 
40,610.5524092779656 
48,568.055239501313 
