time,cpu@tsung_controller@ip-172-31-51-184 
0,0.9465126198605159 
10,0.9465126198605159 
20,0.9465126198605159 
30,0.9465126198605159 
40,3.7468354430379747 
49,11.995696611081225 
