time,cpu@tsung_controller@ip-172-31-51-184 
0,0.9465126198605159 
10,0.24987506246876562 
20,0.24987506246876562 
30,0.24987506246876562 
40,0.24987506246876562 
49,0.24987506246876562 
