time,session 
0,64.7587142857143 
10,45.23734146341465 
20,29.838013245033107 
30,30.086164005805536 
40,161.54864529147994 
49,1174.075464228934 
