time,page 
0,45.266906464404464 
10,41.44366993784125 
20,12.521557151888986 
30,20.445346097782558 
40,173.68876859619348 
49,706.6208991971573 
