time,freemem@tsung_controller@ip-172-31-51-184 
0,699.04296875 
10,699.9921875 
20,700.33203125 
30,700.56640625 
40,700.56640625 
49,700.56640625 
