time,page 
0,62.307999999999986 
10,43.990594594594604 
20,27.99492465753425 
30,28.554770932069566 
40,121.78936907501148 
49,1147.0696565455428 
