time,freemem@tsung_controller@ip-172-31-51-184 
0,699.04296875 
10,699.04296875 
20,699.04296875 
30,699.04296875 
40,697.875 
49,677.9453125 
