time,session 
0,45.52837149268038 
10,39.804330008123465 
20,12.19537298913795 
30,19.735010703703182 
40,225.23728271031558 
49,721.3523174592667 
