time,cpu@tsung_controller@ip-172-31-51-184 
0,0.9465126198605159 
10,0.24987506246876562 
20,0.3494757863205192 
30,0.7007007007007007 
40,3.7468354430379747 
49,11.995696611081225 
