time,freemem@tsung_controller@ip-172-31-51-184 
0,698.9375 
10,698.9375 
20,698.9375 
30,698.9375 
40,696.3984375 
48,680.87109375 
