time,page 
0,6.766544676522503 
10,7.154781120368777 
20,13.351287734024222 
30,253.75142920298092 
40,486.9566672232798 
48,941.5638884899458 
