time,session 
0,7.6088307613953114 
10,7.163040782021134 
20,13.536449584955166 
30,250.048637889294 
40,533.1519924658683 
48,941.8477150896013 
