time,page 
0,27.144875 
10,26.969976190476196 
20,28.03108860759494 
30,206.92675355450237 
40,503.2632600647841 
48,1005.5290915343904 
