time,cpu@tsung_controller@ip-172-31-51-184 
0,1.429060467432235 
10,1.429060467432235 
20,1.429060467432235 
30,1.429060467432235 
40,3.949367088607595 
48,10.55495103373232 
