time,freemem@tsung_controller@ip-172-31-51-184 
0,698.9375 
10,700.27734375 
20,700.30078125 
30,700.30078125 
40,700.30078125 
48,700.30078125 
