time,cpu@tsung_controller@ip-172-31-51-184 
0,1.429060467432235 
10,0.3996003996003996 
20,0.2506265664160401 
30,0.2506265664160401 
40,0.2506265664160401 
48,0.2506265664160401 
