time,session 
0,29.052999999999997 
10,28.863428571428575 
20,30.438369942196545 
30,201.25472781954895 
40,525.944755241764 
48,1059.296569027613 
