time,cpu@tsung_controller@ip-172-31-51-184 
0,1.429060467432235 
10,0.3996003996003996 
20,0.2506265664160401 
30,1.1517275913870806 
40,3.949367088607595 
48,10.55495103373232 
